level	strength0	strength1	dexterity0	dexterity1	fortitude0	fortitude1	vitality0	vitality1	agility0	agility1	cunning0	cunning1	endurance0	endurance1	perception0	perception1	luck0	luck1
0	0	0	0	0	0	0	0	0	0	0	0	0	0	0	0	0	0	0
1	1	1	1	1	1	0.5	1	1	1	1	0.5	1	1	1	1	2	1	1
2	2	2	2	2	2	1	2	2	2	2	1	2	2	2	2	4	2	2
3	3	3	3	3	3	1.5	3	3	3	3	1.5	3	3	3	3	6	3	3
4	4	4	4	4	4	2	4	4	4	4	2	4	4	4	4	8	4	4
5	5	5	5	5	5	2.5	5	5	5	5	2.5	5	5	5	5	10	5	5
6	6	6	6	6	6	3	6	6	6	6	3	6	6	6	6	12	6	6
7	7	7	7	7	7	3.5	7	7	7	7	3.5	7	7	7	7	14	7	7
8	8	8	8	8	8	4	8	8	8	8	4	8	8	8	8	16	8	8
9	9	9	9	9	9	4.5	9	9	9	9	4.5	9	9	9	9	18	9	9
10	10	10	10	10	10	5	10	10	10	10	5	10	10	10	10	20	10	10
11	11	11	11	11	11	5.5	11	11	11	11	5.5	11	11	11	11	22	11	11
12	12	12	12	12	12	6	12	12	12	12	6	12	12	12	12	24	12	12
13	13	13	13	13	13	6.5	13	13	13	13	6.5	13	13	13	13	26	13	13
14	14	14	14	14	14	7	14	14	14	14	7	14	14	14	14	28	14	14
15	15	15	15	15	15	7.5	15	15	15	15	7.5	15	15	15	15	30	15	15
16	16	16	16	16	16	8	16	16	16	16	8	16	16	16	16	32	16	16
17	17	17	17	17	17	8.5	17	17	17	17	8.5	17	17	17	17	34	17	17
18	18	18	18	18	18	9	18	18	18	18	9	18	18	18	18	36	18	18
19	19	19	19	19	19	9.5	19	19	19	19	9.5	19	19	19	19	38	19	19
20	20	20	20	20	20	10	20	20	20	20	10	20	20	20	20	40	20	20
21	21	21	21	21	21	10.5	21	21	21	21	10.5	21	21	21	21	42	21	21
22	22	22	22	22	22	11	22	22	22	22	11	22	22	22	22	44	22	22
23	23	23	23	23	23	11.5	23	23	23	23	11.5	23	23	23	23	46	23	23
24	24	24	24	24	24	12	24	24	24	24	12	24	24	24	24	48	24	24
25	25	25	25	25	25	12.5	25	25	25	25	12.5	25	25	25	25	50	25	25
26	26	26	26	26	26	13	26	26	26	26	13	26	26	26	26	52	26	26
27	27	27	27	27	27	13.5	27	27	27	27	13.5	27	27	27	27	54	27	27
28	28	28	28	28	28	14	28	28	28	28	14	28	28	28	28	56	28	28
29	29	29	29	29	29	14.5	29	29	29	29	14.5	29	29	29	29	58	29	29
30	30	30	30	30	30	15	30	30	30	30	15	30	30	30	30	60	30	30
31	31	31	31	31	31	15.5	31	31	31	31	15.5	31	31	31	31	62	31	31
32	32	32	32	32	32	16	32	32	32	32	16	32	32	32	32	64	32	32
33	33	33	33	33	33	16.5	33	33	33	33	16.5	33	33	33	33	66	33	33
34	34	34	34	34	34	17	34	34	34	34	17	34	34	34	34	68	34	34
35	35	35	35	35	35	17.5	35	35	35	35	17.5	35	35	35	35	70	35	35
36	36	36	36	36	36	18	36	36	36	36	18	36	36	36	36	72	36	36
37	37	37	37	37	37	18.5	37	37	37	37	18.5	37	37	37	37	74	37	37
38	38	38	38	38	38	19	38	38	38	38	19	38	38	38	38	76	38	38
39	39	39	39	39	39	19.5	39	39	39	39	19.5	39	39	39	39	78	39	39
40	40	40	40	40	40	20	40	40	40	40	20	40	40	40	40	80	40	40
41	41	41	41	41	41	20.5	41	41	41	41	20.5	41	41	41	41	82	41	41
42	42	42	42	42	42	21	42	42	42	42	21	42	42	42	42	84	42	42
43	43	43	43	43	43	21.5	43	43	43	43	21.5	43	43	43	43	86	43	43
44	44	44	44	44	44	22	44	44	44	44	22	44	44	44	44	88	44	44
45	45	45	45	45	45	22.5	45	45	45	45	22.5	45	45	45	45	90	45	45
46	46	46	46	46	46	23	46	46	46	46	23	46	46	46	46	92	46	46
47	47	47	47	47	47	23.5	47	47	47	47	23.5	47	47	47	47	94	47	47
48	48	48	48	48	48	24	48	48	48	48	24	48	48	48	48	96	48	48
49	49	49	49	49	49	24.5	49	49	49	49	24.5	49	49	49	49	98	49	49
50	50	50	50	50	50	25	50	50	50	50	25	50	50	50	50	100	50	50
51	51	51	51	51	51	25.5	51	51	51	51	25.5	51	51	51	51	102	51	51
52	52	52	52	52	52	26	52	52	52	52	26	52	52	52	52	104	52	52
53	53	53	53	53	53	26.5	53	53	53	53	26.5	53	53	53	53	106	53	53
54	54	54	54	54	54	27	54	54	54	54	27	54	54	54	54	108	54	54
55	55	55	55	55	55	27.5	55	55	55	55	27.5	55	55	55	55	110	55	55
56	56	56	56	56	56	28	56	56	56	56	28	56	56	56	56	112	56	56
57	57	57	57	57	57	28.5	57	57	57	57	28.5	57	57	57	57	114	57	57
58	58	58	58	58	58	29	58	58	58	58	29	58	58	58	58	116	58	58
59	59	59	59	59	59	29.5	59	59	59	59	29.5	59	59	59	59	118	59	59
60	60	60	60	60	60	30	60	60	60	60	30	60	60	60	60	120	60	60
61	61	61	61	61	61	30.5	61	61	61	61	30.5	61	61	61	61	122	61	61
62	62	62	62	62	62	31	62	62	62	62	31	62	62	62	62	124	62	62
63	63	63	63	63	63	31.5	63	63	63	63	31.5	63	63	63	63	126	63	63
64	64	64	64	64	64	32	64	64	64	64	32	64	64	64	64	128	64	64
65	65	65	65	65	65	32.5	65	65	65	65	32.5	65	65	65	65	130	65	65
66	66	66	66	66	66	33	66	66	66	66	33	66	66	66	66	132	66	66
67	67	67	67	67	67	33.5	67	67	67	67	33.5	67	67	67	67	134	67	67
68	68	68	68	68	68	34	68	68	68	68	34	68	68	68	68	136	68	68
69	69	69	69	69	69	34.5	69	69	69	69	34.5	69	69	69	69	138	69	69
70	70	70	70	70	70	35	70	70	70	70	35	70	70	70	70	140	70	70
71	71	71	71	71	71	35.5	71	71	71	71	35.5	71	71	71	71	142	71	71
72	72	72	72	72	72	36	72	72	72	72	36	72	72	72	72	144	72	72
73	73	73	73	73	73	36.5	73	73	73	73	36.5	73	73	73	73	146	73	73
74	74	74	74	74	74	37	74	74	74	74	37	74	74	74	74	148	74	74
75	75	75	75	75	75	37.5	75	75	75	75	37.5	75	75	75	75	150	75	75
76	76	76	76	76	76	38	76	76	76	76	38	76	76	76	76	152	76	76
77	77	77	77	77	77	38.5	77	77	77	77	38.5	77	77	77	77	154	77	77
78	78	78	78	78	78	39	78	78	78	78	39	78	78	78	78	156	78	78
79	79	79	79	79	79	39.5	79	79	79	79	39.5	79	79	79	79	158	79	79
80	80	80	80	80	80	40	80	80	80	80	40	80	80	80	80	160	80	80
81	81	81	81	81	81	40.5	81	81	81	81	40.5	81	81	81	81	162	81	81
82	82	82	82	82	82	41	82	82	82	82	41	82	82	82	82	164	82	82
83	83	83	83	83	83	41.5	83	83	83	83	41.5	83	83	83	83	166	83	83
84	84	84	84	84	84	42	84	84	84	84	42	84	84	84	84	168	84	84
85	85	85	85	85	85	42.5	85	85	85	85	42.5	85	85	85	85	170	85	85
86	86	86	86	86	86	43	86	86	86	86	43	86	86	86	86	172	86	86
87	87	87	87	87	87	43.5	87	87	87	87	43.5	87	87	87	87	174	87	87
88	88	88	88	88	88	44	88	88	88	88	44	88	88	88	88	176	88	88
89	89	89	89	89	89	44.5	89	89	89	89	44.5	89	89	89	89	178	89	89
90	90	90	90	90	90	45	90	90	90	90	45	90	90	90	90	180	90	90
91	91	91	91	91	91	45.5	91	91	91	91	45.5	91	91	91	91	182	91	91
92	92	92	92	92	92	46	92	92	92	92	46	92	92	92	92	184	92	92
93	93	93	93	93	93	46.5	93	93	93	93	46.5	93	93	93	93	186	93	93
94	94	94	94	94	94	47	94	94	94	94	47	94	94	94	94	188	94	94
95	95	95	95	95	95	47.5	95	95	95	95	47.5	95	95	95	95	190	95	95
96	96	96	96	96	96	48	96	96	96	96	48	96	96	96	96	192	96	96
97	97	97	97	97	97	48.5	97	97	97	97	48.5	97	97	97	97	194	97	97
98	98	98	98	98	98	49	98	98	98	98	49	98	98	98	98	196	98	98
99	99	99	99	99	99	49.5	99	99	99	99	49.5	99	99	99	99	198	99	99
100	100	100	100	100	100	50	100	100	100	100	50	100	100	100	100	200	100	100
101	100.5	100.5	100.5	100.5	100.5	50.25	100.5	100.5	100.5	100.5	50.25	100.5	100.5	100.5	100.5	201	100.5	100.5
102	101	101	101	101	101	50.5	101	101	101	101	50.5	101	101	101	101	202	101	101
103	101.5	101.5	101.5	101.5	101.5	50.75	101.5	101.5	101.5	101.5	50.75	101.5	101.5	101.5	101.5	203	101.5	101.5
104	102	102	102	102	102	51	102	102	102	102	51	102	102	102	102	204	102	102
105	102.5	102.5	102.5	102.5	102.5	51.25	102.5	102.5	102.5	102.5	51.25	102.5	102.5	102.5	102.5	205	102.5	102.5
106	103	103	103	103	103	51.5	103	103	103	103	51.5	103	103	103	103	206	103	103
107	103.5	103.5	103.5	103.5	103.5	51.75	103.5	103.5	103.5	103.5	51.75	103.5	103.5	103.5	103.5	207	103.5	103.5
108	104	104	104	104	104	52	104	104	104	104	52	104	104	104	104	208	104	104
109	104.5	104.5	104.5	104.5	104.5	52.25	104.5	104.5	104.5	104.5	52.25	104.5	104.5	104.5	104.5	209	104.5	104.5
110	105	105	105	105	105	52.5	105	105	105	105	52.5	105	105	105	105	210	105	105
111	105.5	105.5	105.5	105.5	105.5	52.75	105.5	105.5	105.5	105.5	52.75	105.5	105.5	105.5	105.5	211	105.5	105.5
112	106	106	106	106	106	53	106	106	106	106	53	106	106	106	106	212	106	106
113	106.5	106.5	106.5	106.5	106.5	53.25	106.5	106.5	106.5	106.5	53.25	106.5	106.5	106.5	106.5	213	106.5	106.5
114	107	107	107	107	107	53.5	107	107	107	107	53.5	107	107	107	107	214	107	107
115	107.5	107.5	107.5	107.5	107.5	53.75	107.5	107.5	107.5	107.5	53.75	107.5	107.5	107.5	107.5	215	107.5	107.5
116	108	108	108	108	108	54	108	108	108	108	54	108	108	108	108	216	108	108
117	108.5	108.5	108.5	108.5	108.5	54.25	108.5	108.5	108.5	108.5	54.25	108.5	108.5	108.5	108.5	217	108.5	108.5
118	109	109	109	109	109	54.5	109	109	109	109	54.5	109	109	109	109	218	109	109
119	109.5	109.5	109.5	109.5	109.5	54.75	109.5	109.5	109.5	109.5	54.75	109.5	109.5	109.5	109.5	219	109.5	109.5
120	110	110	110	110	110	55	110	110	110	110	55	110	110	110	110	220	110	110
121	110.5	110.5	110.5	110.5	110.5	55.25	110.5	110.5	110.5	110.5	55.25	110.5	110.5	110.5	110.5	221	110.5	110.5
122	111	111	111	111	111	55.5	111	111	111	111	55.5	111	111	111	111	222	111	111
123	111.5	111.5	111.5	111.5	111.5	55.75	111.5	111.5	111.5	111.5	55.75	111.5	111.5	111.5	111.5	223	111.5	111.5
124	112	112	112	112	112	56	112	112	112	112	56	112	112	112	112	224	112	112
125	112.5	112.5	112.5	112.5	112.5	56.25	112.5	112.5	112.5	112.5	56.25	112.5	112.5	112.5	112.5	225	112.5	112.5
126	113	113	113	113	113	56.5	113	113	113	113	56.5	113	113	113	113	226	113	113
127	113.5	113.5	113.5	113.5	113.5	56.75	113.5	113.5	113.5	113.5	56.75	113.5	113.5	113.5	113.5	227	113.5	113.5
128	114	114	114	114	114	57	114	114	114	114	57	114	114	114	114	228	114	114
129	114.5	114.5	114.5	114.5	114.5	57.25	114.5	114.5	114.5	114.5	57.25	114.5	114.5	114.5	114.5	229	114.5	114.5
130	115	115	115	115	115	57.5	115	115	115	115	57.5	115	115	115	115	230	115	115
131	115.5	115.5	115.5	115.5	115.5	57.75	115.5	115.5	115.5	115.5	57.75	115.5	115.5	115.5	115.5	231	115.5	115.5
132	116	116	116	116	116	58	116	116	116	116	58	116	116	116	116	232	116	116
133	116.5	116.5	116.5	116.5	116.5	58.25	116.5	116.5	116.5	116.5	58.25	116.5	116.5	116.5	116.5	233	116.5	116.5
134	117	117	117	117	117	58.5	117	117	117	117	58.5	117	117	117	117	234	117	117
135	117.5	117.5	117.5	117.5	117.5	58.75	117.5	117.5	117.5	117.5	58.75	117.5	117.5	117.5	117.5	235	117.5	117.5
136	118	118	118	118	118	59	118	118	118	118	59	118	118	118	118	236	118	118
137	118.5	118.5	118.5	118.5	118.5	59.25	118.5	118.5	118.5	118.5	59.25	118.5	118.5	118.5	118.5	237	118.5	118.5
138	119	119	119	119	119	59.5	119	119	119	119	59.5	119	119	119	119	238	119	119
139	119.5	119.5	119.5	119.5	119.5	59.75	119.5	119.5	119.5	119.5	59.75	119.5	119.5	119.5	119.5	239	119.5	119.5
140	120	120	120	120	120	60	120	120	120	120	60	120	120	120	120	240	120	120
141	120.5	120.5	120.5	120.5	120.5	60.25	120.5	120.5	120.5	120.5	60.25	120.5	120.5	120.5	120.5	241	120.5	120.5
142	121	121	121	121	121	60.5	121	121	121	121	60.5	121	121	121	121	242	121	121
143	121.5	121.5	121.5	121.5	121.5	60.75	121.5	121.5	121.5	121.5	60.75	121.5	121.5	121.5	121.5	243	121.5	121.5
144	122	122	122	122	122	61	122	122	122	122	61	122	122	122	122	244	122	122
145	122.5	122.5	122.5	122.5	122.5	61.25	122.5	122.5	122.5	122.5	61.25	122.5	122.5	122.5	122.5	245	122.5	122.5
146	123	123	123	123	123	61.5	123	123	123	123	61.5	123	123	123	123	246	123	123
147	123.5	123.5	123.5	123.5	123.5	61.75	123.5	123.5	123.5	123.5	61.75	123.5	123.5	123.5	123.5	247	123.5	123.5
148	124	124	124	124	124	62	124	124	124	124	62	124	124	124	124	248	124	124
149	124.5	124.5	124.5	124.5	124.5	62.25	124.5	124.5	124.5	124.5	62.25	124.5	124.5	124.5	124.5	249	124.5	124.5
150	125	125	125	125	125	62.5	125	125	125	125	62.5	125	125	125	125	250	125	125
151	125.5	125.5	125.5	125.5	125.5	62.75	125.5	125.5	125.5	125.5	62.75	125.5	125.5	125.5	125.5	251	125.5	125.5
152	126	126	126	126	126	63	126	126	126	126	63	126	126	126	126	252	126	126
153	126.5	126.5	126.5	126.5	126.5	63.25	126.5	126.5	126.5	126.5	63.25	126.5	126.5	126.5	126.5	253	126.5	126.5
154	127	127	127	127	127	63.5	127	127	127	127	63.5	127	127	127	127	254	127	127
155	127.5	127.5	127.5	127.5	127.5	63.75	127.5	127.5	127.5	127.5	63.75	127.5	127.5	127.5	127.5	255	127.5	127.5
156	128	128	128	128	128	64	128	128	128	128	64	128	128	128	128	256	128	128
157	128.5	128.5	128.5	128.5	128.5	64.25	128.5	128.5	128.5	128.5	64.25	128.5	128.5	128.5	128.5	257	128.5	128.5
158	129	129	129	129	129	64.5	129	129	129	129	64.5	129	129	129	129	258	129	129
159	129.5	129.5	129.5	129.5	129.5	64.75	129.5	129.5	129.5	129.5	64.75	129.5	129.5	129.5	129.5	259	129.5	129.5
160	130	130	130	130	130	65	130	130	130	130	65	130	130	130	130	260	130	130
161	130.5	130.5	130.5	130.5	130.5	65.25	130.5	130.5	130.5	130.5	65.25	130.5	130.5	130.5	130.5	261	130.5	130.5
162	131	131	131	131	131	65.5	131	131	131	131	65.5	131	131	131	131	262	131	131
163	131.5	131.5	131.5	131.5	131.5	65.75	131.5	131.5	131.5	131.5	65.75	131.5	131.5	131.5	131.5	263	131.5	131.5
164	132	132	132	132	132	66	132	132	132	132	66	132	132	132	132	264	132	132
165	132.5	132.5	132.5	132.5	132.5	66.25	132.5	132.5	132.5	132.5	66.25	132.5	132.5	132.5	132.5	265	132.5	132.5
166	133	133	133	133	133	66.5	133	133	133	133	66.5	133	133	133	133	266	133	133
167	133.5	133.5	133.5	133.5	133.5	66.75	133.5	133.5	133.5	133.5	66.75	133.5	133.5	133.5	133.5	267	133.5	133.5
168	134	134	134	134	134	67	134	134	134	134	67	134	134	134	134	268	134	134
169	134.5	134.5	134.5	134.5	134.5	67.25	134.5	134.5	134.5	134.5	67.25	134.5	134.5	134.5	134.5	269	134.5	134.5
170	135	135	135	135	135	67.5	135	135	135	135	67.5	135	135	135	135	270	135	135
171	135.5	135.5	135.5	135.5	135.5	67.75	135.5	135.5	135.5	135.5	67.75	135.5	135.5	135.5	135.5	271	135.5	135.5
172	136	136	136	136	136	68	136	136	136	136	68	136	136	136	136	272	136	136
173	136.5	136.5	136.5	136.5	136.5	68.25	136.5	136.5	136.5	136.5	68.25	136.5	136.5	136.5	136.5	273	136.5	136.5
174	137	137	137	137	137	68.5	137	137	137	137	68.5	137	137	137	137	274	137	137
175	137.5	137.5	137.5	137.5	137.5	68.75	137.5	137.5	137.5	137.5	68.75	137.5	137.5	137.5	137.5	275	137.5	137.5
176	138	138	138	138	138	69	138	138	138	138	69	138	138	138	138	276	138	138
177	138.5	138.5	138.5	138.5	138.5	69.25	138.5	138.5	138.5	138.5	69.25	138.5	138.5	138.5	138.5	277	138.5	138.5
178	139	139	139	139	139	69.5	139	139	139	139	69.5	139	139	139	139	278	139	139
179	139.5	139.5	139.5	139.5	139.5	69.75	139.5	139.5	139.5	139.5	69.75	139.5	139.5	139.5	139.5	279	139.5	139.5
180	140	140	140	140	140	70	140	140	140	140	70	140	140	140	140	280	140	140
181	140.5	140.5	140.5	140.5	140.5	70.25	140.5	140.5	140.5	140.5	70.25	140.5	140.5	140.5	140.5	281	140.5	140.5
182	141	141	141	141	141	70.5	141	141	141	141	70.5	141	141	141	141	282	141	141
183	141.5	141.5	141.5	141.5	141.5	70.75	141.5	141.5	141.5	141.5	70.75	141.5	141.5	141.5	141.5	283	141.5	141.5
184	142	142	142	142	142	71	142	142	142	142	71	142	142	142	142	284	142	142
185	142.5	142.5	142.5	142.5	142.5	71.25	142.5	142.5	142.5	142.5	71.25	142.5	142.5	142.5	142.5	285	142.5	142.5
186	143	143	143	143	143	71.5	143	143	143	143	71.5	143	143	143	143	286	143	143
187	143.5	143.5	143.5	143.5	143.5	71.75	143.5	143.5	143.5	143.5	71.75	143.5	143.5	143.5	143.5	287	143.5	143.5
188	144	144	144	144	144	72	144	144	144	144	72	144	144	144	144	288	144	144
189	144.5	144.5	144.5	144.5	144.5	72.25	144.5	144.5	144.5	144.5	72.25	144.5	144.5	144.5	144.5	289	144.5	144.5
190	145	145	145	145	145	72.5	145	145	145	145	72.5	145	145	145	145	290	145	145
191	145.5	145.5	145.5	145.5	145.5	72.75	145.5	145.5	145.5	145.5	72.75	145.5	145.5	145.5	145.5	291	145.5	145.5
192	146	146	146	146	146	73	146	146	146	146	73	146	146	146	146	292	146	146
193	146.5	146.5	146.5	146.5	146.5	73.25	146.5	146.5	146.5	146.5	73.25	146.5	146.5	146.5	146.5	293	146.5	146.5
194	147	147	147	147	147	73.5	147	147	147	147	73.5	147	147	147	147	294	147	147
195	147.5	147.5	147.5	147.5	147.5	73.75	147.5	147.5	147.5	147.5	73.75	147.5	147.5	147.5	147.5	295	147.5	147.5
196	148	148	148	148	148	74	148	148	148	148	74	148	148	148	148	296	148	148
197	148.5	148.5	148.5	148.5	148.5	74.25	148.5	148.5	148.5	148.5	74.25	148.5	148.5	148.5	148.5	297	148.5	148.5
198	149	149	149	149	149	74.5	149	149	149	149	74.5	149	149	149	149	298	149	149
199	149.5	149.5	149.5	149.5	149.5	74.75	149.5	149.5	149.5	149.5	74.75	149.5	149.5	149.5	149.5	299	149.5	149.5
200	150	150	150	150	150	75	150	150	150	150	75	150	150	150	150	300	150	150
